id,scopus_id,doi,title,prompt_name,prompt_hash,model,temperature,llm_output,llm_label
SCOPUS_ID:84895890934,SCOPUS_ID:84895890934,10.1093/aje/kwt327,"Trends in alcohol and other drugs detected in fatally injured drivers in the United States, 1999-2010",.1_run2,4d5748db0b6b,deepseek-chat,0.1,"{""policy_claim"": false}",NO
SCOPUS_ID:78650633722,SCOPUS_ID:78650633722,10.1093/aje/kwq345,"Adult body size, hormone receptor status, and premenopausal breast cancer risk in a multiethnic population",.1_run2,4d5748db0b6b,deepseek-chat,0.1,"{""policy_claim"": false}",NO
SCOPUS_ID:0032978484,SCOPUS_ID:0032978484,10.2105/AJPH.89.2.171,"The impact of physician bonuses, enhanced fees, and feedback on childhood immunization coverage rates",.1_run2,4d5748db0b6b,deepseek-chat,0.1,"{""policy_claim"": false}",NO
SCOPUS_ID:0032931075,SCOPUS_ID:0032931075,10.1093/oxfordjournals.aje.a009723,Prospective study of diet and ovarian cancer,.1_run2,4d5748db0b6b,deepseek-chat,0.1,"{""policy_claim"": false}",NO
SCOPUS_ID:85066260594,SCOPUS_ID:85066260594,10.1016/S2468-2667(19)30018-0,"Geospatial, racial, and educational variation in firearm mortality in the USA, Mexico, Brazil, and Colombia, 1990â€“2015: a comparative analysis of vital statistics data",.1_run2,4d5748db0b6b,deepseek-chat,0.1,"{""policy_claim"": true}",YES
SCOPUS_ID:85088828588,SCOPUS_ID:85088828588,10.1007/s10654-020-00665-w,Body mass index in young adulthood and risk of subsequent dementia at different levels of intelligence and education in Danish men,.1_run2,4d5748db0b6b,deepseek-chat,0.1,"{""policy_claim"": false}",NO
SCOPUS_ID:85054204629,SCOPUS_ID:85054204629,10.1093/aje/kwy091,"Ramadan Exposure in Utero and Child Mortality in Burkina Faso: Analysis of a Population-Based Cohort Including 41,025 Children",.1_run2,4d5748db0b6b,deepseek-chat,0.1,"{""policy_claim"": false}",NO
SCOPUS_ID:69549088896,SCOPUS_ID:69549088896,10.1097/EDE.0b013e3181ad5522,Extreme high temperatures and hospital admissions for respiratory and cardiovascular diseases,.1_run2,4d5748db0b6b,deepseek-chat,0.1,"{""policy_claim"": false}",NO
SCOPUS_ID:84946734426,SCOPUS_ID:84946734426,10.2105/AJPH.2015.302611,Health care disparities in the post-affordable care act era,.1_run2,4d5748db0b6b,deepseek-chat,0.1,"{""policy_claim"": false}",NO
SCOPUS_ID:84912129265,SCOPUS_ID:84912129265,10.1016/j.amepre.2014.08.009,"Adult vaccination disparities among foreign-born populations in the u.s., 2012",.1_run2,4d5748db0b6b,deepseek-chat,0.1,"{""policy_claim"": false}",NO
SCOPUS_ID:0025121054,SCOPUS_ID:0025121054,10.2105/AJPH.80.9.1101,The effects of workplace health promotion on absenteeism and employment costs in a large industrial population,.1_run2,4d5748db0b6b,deepseek-chat,0.1,"{""policy_claim"": false}",NO
SCOPUS_ID:45549105637,SCOPUS_ID:45549105637,10.2105/AJPH.2007.121137,Prevalence of chronic diseases and multimorbidity among the elderly population in Sweden,.1_run2,4d5748db0b6b,deepseek-chat,0.1,"{""policy_claim"": false}",NO
SCOPUS_ID:84875598366,SCOPUS_ID:84875598366,10.1093/ije/dys214,Consistently high estimates for the proportion of human exposure to malaria vector populations occurring indoors in rural Africa,.1_run2,4d5748db0b6b,deepseek-chat,0.1,"{""policy_claim"": false}",NO
SCOPUS_ID:85045210606,SCOPUS_ID:85045210606,10.1016/j.amepre.2018.01.008,Changes in School Food Preparation Methods Result in Healthier Cafeteria Lunches in Elementary Schools,.1_run2,4d5748db0b6b,deepseek-chat,0.1,"{""policy_claim"": false}",NO
SCOPUS_ID:0031194498,SCOPUS_ID:0031194498,10.1006/pmed.1997.0151,Epidemiology of low total plasma cholesterol concentration among young adults: The CARDIA study,.1_run2,4d5748db0b6b,deepseek-chat,0.1,"{""policy_claim"": false}",NO
SCOPUS_ID:0029924623,SCOPUS_ID:0029924623,10.1097/00001648-199605000-00011,Silica and aluminum in drinking water and cognitive impairment in the elderly,.1_run2,4d5748db0b6b,deepseek-chat,0.1,"{""policy_claim"": false}",NO
SCOPUS_ID:0141997855,SCOPUS_ID:0141997855,10.1093/aje/kwg218,"Differences in body shape representations among young adults from a biracial (Black-White), semirural community: The Bogalusa Heart Study",.1_run2,4d5748db0b6b,deepseek-chat,0.1,"{""policy_claim"": true}",YES
SCOPUS_ID:85102828933,SCOPUS_ID:85102828933,10.1016/j.ypmed.2021.106507,Associations between indicators of energy intake and expenditure with excess weight and obesity among women in sedentary and less-sedentary jobs,.1_run2,4d5748db0b6b,deepseek-chat,0.1,"{""policy_claim"": false}",NO
SCOPUS_ID:85195147269,SCOPUS_ID:85195147269,10.1007/s10654-024-01134-4,Trends in incidence and mortality of early-onset cancer in Germany between 1999 and 2019,.1_run2,4d5748db0b6b,deepseek-chat,0.1,"{""policy_claim"": true}",YES
SCOPUS_ID:0037209068,SCOPUS_ID:0037209068,10.1097/00001648-200301000-00009,The effect of concurvity in generalized additive models linking mortality to ambient particulate matter,.1_run2,4d5748db0b6b,deepseek-chat,0.1,"{""policy_claim"": false}",NO
SCOPUS_ID:85097113376,SCOPUS_ID:85097113376,10.1093/aje/kwaa139,Incidence Correction Factors for Moderate and Severe Acute Child Malnutrition from 2 Longitudinal Cohorts in Mali and Burkina Faso,.1_run2,4d5748db0b6b,deepseek-chat,0.1,"{""policy_claim"": false}",NO
SCOPUS_ID:70249102791,SCOPUS_ID:70249102791,10.1093/aje/kwp179,Determinants of first puff and daily cigarette smoking in adolescents,.1_run2,4d5748db0b6b,deepseek-chat,0.1,"{""policy_claim"": true}",YES
SCOPUS_ID:0031689886,SCOPUS_ID:0031689886,10.1016/S0749-3797(98)00049-X,Costs of maternal conditions attributable to smoking during pregnancy,.1_run2,4d5748db0b6b,deepseek-chat,0.1,"{""policy_claim"": true}",YES
SCOPUS_ID:85149642428,SCOPUS_ID:85149642428,10.2105/AJPH.2022.307207,"Housing Instability and Evictions Linked to Elevated Intimate Partner and Workplace Violence Among Women Sex Workers in Vancouver, Canada: Findings of a Prospective, Community-Based Cohort, 2010-2019",.1_run2,4d5748db0b6b,deepseek-chat,0.1,"{""policy_claim"": true}",YES
SCOPUS_ID:85123459610,SCOPUS_ID:85123459610,10.1093/ije/dyab095,Maternal smoking and smokeless tobacco use during pregnancy and offspring development: Sibling analysis in an intergenerational Swedish cohort,.1_run2,4d5748db0b6b,deepseek-chat,0.1,"{""policy_claim"": false}",NO
SCOPUS_ID:0028784286,SCOPUS_ID:0028784286,10.1093/oxfordjournals.aje.a117747,Preschool physical activity level and change in body fatness in young children: The framingham children's study,.1_run2,4d5748db0b6b,deepseek-chat,0.1,"{""policy_claim"": false}",NO
SCOPUS_ID:0028286476,SCOPUS_ID:0028286476,10.1136/jech.48.3.313,Estimating confidence limits on a standardised mortality ratio when the expected number is not error free,.1_run2,4d5748db0b6b,deepseek-chat,0.1,"{""policy_claim"": false}",NO
SCOPUS_ID:0028997640,SCOPUS_ID:0028997640,10.2105/AJPH.85.6.854,A preventive child health program: The effect of telephone and home visits by public health nurses,.1_run2,4d5748db0b6b,deepseek-chat,0.1,"{""policy_claim"": false}",NO
SCOPUS_ID:78650909890,SCOPUS_ID:78650909890,10.2105/AJPH.2009.182287,Potential national and state medical care savings from primary disease prevention,.1_run2,4d5748db0b6b,deepseek-chat,0.1,"{""policy_claim"": true}",YES
SCOPUS_ID:0026733346,SCOPUS_ID:0026733346,10.1093/oxfordjournals.aje.a116486,Childhood weight and growth rate as predictors of adult mortality,.1_run2,4d5748db0b6b,deepseek-chat,0.1,"{""policy_claim"": true}",YES
SCOPUS_ID:0041509097,SCOPUS_ID:0041509097,10.1093/aje/kwg150,Searching for disease-susceptibility loci by testing for Hardy-Weinberg disequilibrium in a gene bank of affected individuals,.1_run2,4d5748db0b6b,deepseek-chat,0.1,"{""policy_claim"": false}",NO
SCOPUS_ID:33750628586,SCOPUS_ID:33750628586,10.1136/jech.2005.043182,Validity of age at menarche self-reported in adulthood,.1_run2,4d5748db0b6b,deepseek-chat,0.1,"{""policy_claim"": false}",NO
SCOPUS_ID:34247537778,SCOPUS_ID:34247537778,10.1093/ije/dyl267,Are socially disadvantaged neighbourhoods deprived of health-related community resources?,.1_run2,4d5748db0b6b,deepseek-chat,0.1,"{""policy_claim"": false}",NO
SCOPUS_ID:0034541277,SCOPUS_ID:0034541277,10.1093/aje/152.11.1072,Validation of three food frequency questionnaires and 24-hour recalls with serum carotenoid levels in a sample of African-American adults,.1_run2,4d5748db0b6b,deepseek-chat,0.1,"{""policy_claim"": false}",NO
SCOPUS_ID:0344117621,SCOPUS_ID:0344117621,10.1093/eurpub/9.3.181,Physician recommendations for coronary revascularization: Variations by clinical speciality,.1_run2,4d5748db0b6b,deepseek-chat,0.1,"{""policy_claim"": true}",YES
SCOPUS_ID:32344440035,SCOPUS_ID:32344440035,10.1016/j.amepre.2005.11.001,Cigarette promotional offers: Who takes advantage?,.1_run2,4d5748db0b6b,deepseek-chat,0.1,"{""policy_claim"": false}",NO
SCOPUS_ID:84885841557,SCOPUS_ID:84885841557,10.1016/j.ypmed.2013.07.007,Who uses new walking and cycling infrastructure and how? Longitudinal results from the UK iConnect study,.1_run2,4d5748db0b6b,deepseek-chat,0.1,"{""policy_claim"": false}",NO
SCOPUS_ID:84929335072,SCOPUS_ID:84929335072,10.2105/AJPH.2015.302628,"Polling places, pharmacies, and public health: Vote &amp; Vax 2012",.1_run2,4d5748db0b6b,deepseek-chat,0.1,"{""policy_claim"": false}",NO
SCOPUS_ID:85133308008,SCOPUS_ID:85133308008,10.1016/j.ypmed.2022.107128,Correlates of behavior change intents in response to a hypothetical flavored cigar sales restriction among U.S. adult flavored cigar smokers,.1_run2,4d5748db0b6b,deepseek-chat,0.1,"{""policy_claim"": true}",YES
SCOPUS_ID:77952942744,SCOPUS_ID:77952942744,10.1093/aje/kwq045,Body fatness at young ages and risk of breast cancer throughout life,.1_run2,4d5748db0b6b,deepseek-chat,0.1,"{""policy_claim"": false}",NO
SCOPUS_ID:0028170572,SCOPUS_ID:0028170572,10.2105/AJPH.84.9.1439,Black-White differences in serum cotinine levels among pregnant women and subsequent effects on infant birthweight,.1_run2,4d5748db0b6b,deepseek-chat,0.1,"{""policy_claim"": false}",NO
SCOPUS_ID:85133980653,SCOPUS_ID:85133980653,10.1093/aje/kwac025,Sampling Validation Data to Achieve a Planned Precision of the Bias-Adjusted Estimate of Effect,.1_run2,4d5748db0b6b,deepseek-chat,0.1,"{""policy_claim"": false}",NO
SCOPUS_ID:0041803240,SCOPUS_ID:0041803240,10.1023/A:1024686625528,Birth weight and risk of angina pectoris: Analysis in Swedish twins,.1_run2,4d5748db0b6b,deepseek-chat,0.1,"{""policy_claim"": false}",NO
SCOPUS_ID:79952050640,SCOPUS_ID:79952050640,10.1093/ije/dyq164,Prospective cohort study of breast implants and the risk of connective-tissue diseases,.1_run2,4d5748db0b6b,deepseek-chat,0.1,"{""policy_claim"": false}",NO
SCOPUS_ID:16544383725,SCOPUS_ID:16544383725,10.1023/B:EJEP.0000036814.56108.66,Estimating non-response bias in family studies: Application to mental health and lifestyle,.1_run2,4d5748db0b6b,deepseek-chat,0.1,"{""policy_claim"": false}",NO
SCOPUS_ID:0030889263,SCOPUS_ID:0030889263,,"The Dutch EPIC Food Frequency Questionnaire. I. Description of the questionnaire, and relative validity and reproducibility for food groups",.1_run2,4d5748db0b6b,deepseek-chat,0.1,"{""policy_claim"": false}",NO
SCOPUS_ID:0029949732,SCOPUS_ID:0029949732,10.1006/pmed.1996.0058,Exposure to environmental tobacco smoke - Perceptions of African American children and adolescents,.1_run2,4d5748db0b6b,deepseek-chat,0.1,"{""policy_claim"": true}",YES
SCOPUS_ID:85022341794,SCOPUS_ID:85022341794,10.1016/j.ypmed.2017.07.005,"Is the link between movement and mental health a two-way street? Prospective associations between physical activity, sedentary behaviour and depressive symptoms among women living in socioeconomically disadvantaged neighbourhoods",.1_run2,4d5748db0b6b,deepseek-chat,0.1,"{""policy_claim"": false}",NO
SCOPUS_ID:0033962566,SCOPUS_ID:0033962566,10.1006/pmed.1999.0608,Changes in serum total cholesterol levels over 18 years in a cohort of men and women: The Nijmegen cohort study,.1_run2,4d5748db0b6b,deepseek-chat,0.1,"{""policy_claim"": false}",NO
SCOPUS_ID:85054071416,SCOPUS_ID:85054071416,10.1097/EDE.0000000000000857,Performance of between-study heterogeneity measures in the cochrane library,.1_run2,4d5748db0b6b,deepseek-chat,0.1,"{""policy_claim"": false}",NO
SCOPUS_ID:85085015109,SCOPUS_ID:85085015109,10.1016/j.amepre.2020.03.024,"Alcohol Use and Suicidality by Sexual Orientation Among U.S. Youth, 2009â€“2017",.1_run2,4d5748db0b6b,deepseek-chat,0.1,"{""policy_claim"": false}",NO
SCOPUS_ID:84890514902,SCOPUS_ID:84890514902,10.1093/eurpub/cks187,"Association between parental perceptions of residential neighbourhood environments and childhood obesity in Porto, Portugal",.1_run2,4d5748db0b6b,deepseek-chat,0.1,"{""policy_claim"": false}",NO
SCOPUS_ID:67749091014,SCOPUS_ID:67749091014,10.1093/aje/kwp143,Age of onset in concordant twins and other relative pairs with multiple sclerosis,.1_run2,4d5748db0b6b,deepseek-chat,0.1,"{""policy_claim"": false}",NO
SCOPUS_ID:84959905141,SCOPUS_ID:84959905141,10.1016/j.ypmed.2016.02.001,The influence of electronic cigarette age purchasing restrictions on adolescent tobacco and marijuana use,.1_run2,4d5748db0b6b,deepseek-chat,0.1,"{""policy_claim"": false}",NO
SCOPUS_ID:84857279547,SCOPUS_ID:84857279547,10.2105/AJPH.2011.300295,Position-specific HIV risk in a large network of homeless youths,.1_run2,4d5748db0b6b,deepseek-chat,0.1,"{""policy_claim"": true}",YES
SCOPUS_ID:84877257399,SCOPUS_ID:84877257399,10.1093/aje/kws330,Association of functional polymorphism rs2231142 (Q141K) in the ABCG2 gene with serum uric acid and gout in 4 US populations,.1_run2,4d5748db0b6b,deepseek-chat,0.1,"{""policy_claim"": true}",YES
SCOPUS_ID:85084695125,SCOPUS_ID:85084695125,10.1093/eurpub/ckaa031,Estonia advances on SDG achievement by tackling high alcohol consumption through a multi-pronged approach,.1_run2,4d5748db0b6b,deepseek-chat,0.1,"{""policy_claim"": false}",NO
SCOPUS_ID:0033019577,SCOPUS_ID:0033019577,10.1136/jech.53.7.412,Determinants of self assessed health among Spanish older people living at home,.1_run2,4d5748db0b6b,deepseek-chat,0.1,"{""policy_claim"": false}",NO
SCOPUS_ID:0033557398,SCOPUS_ID:0033557398,10.1093/oxfordjournals.aje.a009814,Double-blind intervention trial on modulation of ozone effects on pulmonary function by antioxidant supplements,.1_run2,4d5748db0b6b,deepseek-chat,0.1,"{""policy_claim"": false}",NO
SCOPUS_ID:78751685435,SCOPUS_ID:78751685435,10.1016/j.ypmed.2010.07.005,Screen time and risk behaviors in 10- to 16-year-old Canadian youth,.1_run2,4d5748db0b6b,deepseek-chat,0.1,"{""policy_claim"": false}",NO
SCOPUS_ID:33744471162,SCOPUS_ID:33744471162,10.1136/jech.2005.039032,Do perceptions of neighbourhood environment influence health? Baseline findings from a British survey of aging,.1_run2,4d5748db0b6b,deepseek-chat,0.1,"{""policy_claim"": true}",YES
SCOPUS_ID:84862587399,SCOPUS_ID:84862587399,10.2105/AJPH.2011.300408,Integrating biodiversity management and indigenous biopiracy protection to promote environmental justice and global health,.1_run2,4d5748db0b6b,deepseek-chat,0.1,"{""policy_claim"": true}",YES
SCOPUS_ID:2142711607,SCOPUS_ID:2142711607,10.1136/jech.2003.009852,Is perceived failure in school performance a trigger of physical injury? A case-crossover study of children in Stockholm County,.1_run2,4d5748db0b6b,deepseek-chat,0.1,"{""policy_claim"": false}",NO
SCOPUS_ID:85047410366,SCOPUS_ID:85047410366,10.1097/EDE.0000000000000795,Diagnostic performance of one-off flexible sigmoidoscopy with fecal immunochemical testing in a large screening population,.1_run2,4d5748db0b6b,deepseek-chat,0.1,"{""policy_claim"": false}",NO
SCOPUS_ID:76549115338,SCOPUS_ID:76549115338,10.1016/j.amepre.2009.10.040,"Neighborhood, Route, and School Environments and Children's Active Commuting",.1_run2,4d5748db0b6b,deepseek-chat,0.1,"{""policy_claim"": true}",YES
SCOPUS_ID:84905561636,SCOPUS_ID:84905561636,10.1097/EDE.0000000000000143,Long-term exposure to crystalline silica and risk of heart disease mortality,.1_run2,4d5748db0b6b,deepseek-chat,0.1,"{""policy_claim"": true}",YES
SCOPUS_ID:18844403140,SCOPUS_ID:18844403140,10.1007/s10654-004-6880-1,The epidemiology of anophthalmia and microphthalmia in Sweden,.1_run2,4d5748db0b6b,deepseek-chat,0.1,"{""policy_claim"": false}",NO
SCOPUS_ID:0031028150,SCOPUS_ID:0031028150,10.1016/s0749-3797(18)30226-5,Representations of menopause and their health care implications: A qualitative study,.1_run2,4d5748db0b6b,deepseek-chat,0.1,"{""policy_claim"": true}",YES
SCOPUS_ID:0030039192,SCOPUS_ID:0030039192,10.1093/ije/25.1.5,Cancer mortality among North African migrants in France,.1_run2,4d5748db0b6b,deepseek-chat,0.1,"{""policy_claim"": false}",NO
SCOPUS_ID:84902668737,SCOPUS_ID:84902668737,10.2105/AJPH.2014.301947,Gender-specific associations of objective and perceived neighborhood characteristics with body mass index and waist circumference among older adults in the English Longitudinal Study of Ageing,.1_run2,4d5748db0b6b,deepseek-chat,0.1,"{""policy_claim"": true}",YES
SCOPUS_ID:0032914081,SCOPUS_ID:0032914081,10.1136/jech.53.6.348,Association between job characteristics and plasma fibrinogen in a normal working population: A cross sectional analysis in referents of the SHEEP study,.1_run2,4d5748db0b6b,deepseek-chat,0.1,"{""policy_claim"": false}",NO
SCOPUS_ID:85005916303,SCOPUS_ID:85005916303,10.1016/j.amepre.2016.09.016,Association of Bacterial Vaginosis With Chlamydia and Gonorrhea Among Women in the U.S. Army,.1_run2,4d5748db0b6b,deepseek-chat,0.1,"{""policy_claim"": false}",NO
SCOPUS_ID:0032440796,SCOPUS_ID:0032440796,10.2105/ajph.88.12.1846,Potential barriers to the removal of norplant among family planning clinic patients,.1_run2,4d5748db0b6b,deepseek-chat,0.1,"{""policy_claim"": true}",YES
SCOPUS_ID:0032694208,SCOPUS_ID:0032694208,10.1023/A:1007611412532,Osteoporosis and years since menopause,.1_run2,4d5748db0b6b,deepseek-chat,0.1,"{""policy_claim"": false}",NO
SCOPUS_ID:0030850107,SCOPUS_ID:0030850107,10.2105/AJPH.87.6.1022,Prenatal health behaviors and psychosocial risk factors in pregnant women of mexican origin: The role of acculturation,.1_run2,4d5748db0b6b,deepseek-chat,0.1,"{""policy_claim"": false}",NO
SCOPUS_ID:84880312110,SCOPUS_ID:84880312110,10.1016/j.amepre.2013.03.019,Challenges in cervical cancer prevention: A survey of U.S. Obstetrician-Gynecologists,.1_run2,4d5748db0b6b,deepseek-chat,0.1,"{""policy_claim"": true}",YES
SCOPUS_ID:79960815320,SCOPUS_ID:79960815320,10.1093/aje/kwr086,Evaluating the incremental value of new biomarkers with integrated discrimination improvement,.1_run2,4d5748db0b6b,deepseek-chat,0.1,"{""policy_claim"": false}",NO
SCOPUS_ID:84907201782,SCOPUS_ID:84907201782,10.2105/AJPH.2013.301735,Factors influencing adoption of and adherence to indoor smoking bans among health disparity communities,.1_run2,4d5748db0b6b,deepseek-chat,0.1,"{""policy_claim"": false}",NO
SCOPUS_ID:79955779649,SCOPUS_ID:79955779649,10.1093/aje/kwq502,Dynamic path analysis in life-course epidemiology,.1_run2,4d5748db0b6b,deepseek-chat,0.1,"{""policy_claim"": false}",NO
SCOPUS_ID:0028282150,SCOPUS_ID:0028282150,10.1136/jech.48.2.188,Prevalence of total hip replacement: How much demand has been met?,.1_run2,4d5748db0b6b,deepseek-chat,0.1,"{""policy_claim"": false}",NO
SCOPUS_ID:0026747758,SCOPUS_ID:0026747758,10.2105/AJPH.82.8.1133,Does equal socioeconomic status in Black and White men mean equal risk of mortality?,.1_run2,4d5748db0b6b,deepseek-chat,0.1,"{""policy_claim"": false}",NO
SCOPUS_ID:85055798363,SCOPUS_ID:85055798363,10.1093/aje/kwy158,The Number of Events per Confounder for Valid Estimation of Risk Difference Using Modified Least-Squares Regression,.1_run2,4d5748db0b6b,deepseek-chat,0.1,"{""policy_claim"": false}",NO
SCOPUS_ID:0029968968,SCOPUS_ID:0029968968,10.2105/AJPH.86.11.1607,"Childhood victimization and subsequent risk for promiscuity, prostitution, and teenage pregnancy: A prospective study",.1_run2,4d5748db0b6b,deepseek-chat,0.1,"{""policy_claim"": false}",NO
SCOPUS_ID:0034032147,SCOPUS_ID:0034032147,10.1023/A:1007621104789,Use of unconventional methods of therapy by cancer patients in Pakistan,.1_run2,4d5748db0b6b,deepseek-chat,0.1,"{""policy_claim"": true}",YES
SCOPUS_ID:84871232651,SCOPUS_ID:84871232651,10.1093/aje/kws212,Perinatal and family risk factors for Hodgkin lymphoma in childhood through young adulthood,.1_run2,4d5748db0b6b,deepseek-chat,0.1,"{""policy_claim"": false}",NO
SCOPUS_ID:85042868429,SCOPUS_ID:85042868429,10.1136/jech-2017-209333,Longitudinal analysis of cardiovascular disease risk profile in neighbourhood poverty subgroups: 5-year results from an afterschool fitness programme in the USA,.1_run2,4d5748db0b6b,deepseek-chat,0.1,"{""policy_claim"": false}",NO
SCOPUS_ID:79960805262,SCOPUS_ID:79960805262,10.1093/aje/kwr074,"Changes in the prevalence of cognitive impairment among older Americans, 1993-2004: Overall trends and differences by race/ethnicity",.1_run2,4d5748db0b6b,deepseek-chat,0.1,"{""policy_claim"": false}",NO
SCOPUS_ID:84929055179,SCOPUS_ID:84929055179,10.1093/eurpub/cku229,Comparing variation across European countries: Building geographical areas to provide sounder estimates,.1_run2,4d5748db0b6b,deepseek-chat,0.1,"{""policy_claim"": false}",NO
SCOPUS_ID:31944433220,SCOPUS_ID:31944433220,10.1007/s10654-005-4724-2,Characteristics and analysis of risk factors for mortality in infective endocarditis,.1_run2,4d5748db0b6b,deepseek-chat,0.1,"{""policy_claim"": false}",NO
SCOPUS_ID:0027940114,SCOPUS_ID:0027940114,10.1093/ije/23.4.673,No improvement in survival from melanoma diagnosed from 1973 to 1984,.1_run2,4d5748db0b6b,deepseek-chat,0.1,"{""policy_claim"": false}",NO
SCOPUS_ID:85207423519,SCOPUS_ID:85207423519,10.1136/jech-2024-222677,Association of housing tenure and unaffordable housing with preterm birth and other adverse birth outcomes in Canada: a population-based study,.1_run2,4d5748db0b6b,deepseek-chat,0.1,"{""policy_claim"": false}",NO
SCOPUS_ID:0025918863,SCOPUS_ID:0025918863,10.2105/AJPH.81.1.53,"AIDS-related knowledge, sexual behavior, and condom use among men and women in Kinshasa, Zaire",.1_run2,4d5748db0b6b,deepseek-chat,0.1,"{""policy_claim"": false}",NO
SCOPUS_ID:84856106049,SCOPUS_ID:84856106049,10.1093/eurpub/ckq193,Prevalence and regional differences of gestational diabetes mellitus and oral glucose tolerance tests in Finland,.1_run2,4d5748db0b6b,deepseek-chat,0.1,"{""policy_claim"": false}",NO
SCOPUS_ID:0842281637,SCOPUS_ID:0842281637,10.1016/j.ypmed.2003.11.003,"Nicotine dependence, quit attempts, and quitting among smokers in a regional population sample from a country with a high prevalence of tobacco smoking",.1_run2,4d5748db0b6b,deepseek-chat,0.1,"{""policy_claim"": true}",YES
SCOPUS_ID:85108568071,SCOPUS_ID:85108568071,10.1136/jech-2021-216581,Effectiveness of the population-based a â‚¬ check your health preventive programme' conducted in a primary care setting: A pragmatic randomised controlled trial,.1_run2,4d5748db0b6b,deepseek-chat,0.1,"{""policy_claim"": false}",NO
SCOPUS_ID:85142342895,SCOPUS_ID:85142342895,10.1016/j.ypmed.2022.107345,Total cost of care associated with opioid use disorder treatment,.1_run2,4d5748db0b6b,deepseek-chat,0.1,"{""policy_claim"": true}",YES
SCOPUS_ID:0035038622,SCOPUS_ID:0035038622,10.2105/AJPH.91.5.761,Depression and substance use in minority middle-school students,.1_run2,4d5748db0b6b,deepseek-chat,0.1,"{""policy_claim"": true}",YES
SCOPUS_ID:33947211169,SCOPUS_ID:33947211169,10.1093/aje/kwk063,"Smoking, hypertension, alcohol consumption, and risk of abdominal aortic aneurysm in men",.1_run2,4d5748db0b6b,deepseek-chat,0.1,"{""policy_claim"": false}",NO
SCOPUS_ID:0036301558,SCOPUS_ID:0036301558,10.1093/ije/31.3.587,An ecologic study of protective equipment and injury in two contact sports,.1_run2,4d5748db0b6b,deepseek-chat,0.1,"{""policy_claim"": false}",NO
SCOPUS_ID:85169087027,SCOPUS_ID:85169087027,10.1093/eurpub/ckad083,Impact of a sugar-sweetened beverage tax on sugar producers in Ukraine,.1_run2,4d5748db0b6b,deepseek-chat,0.1,"{""policy_claim"": false}",NO
SCOPUS_ID:85040574830,SCOPUS_ID:85040574830,10.1093/aje/kwx193,Bias in Hazard Ratios Arising from Misclassification According to Self-Reported Weight and Height in Observational Studies of Body Mass Index and Mortality,.1_run2,4d5748db0b6b,deepseek-chat,0.1,"{""policy_claim"": false}",NO
SCOPUS_ID:85072058175,SCOPUS_ID:85072058175,10.1093/aje/kwz134,A Cross-Sectional Analysis of Telomere Length and Sleep in the Women's Health Initiative,.1_run2,4d5748db0b6b,deepseek-chat,0.1,"{""policy_claim"": false}",NO
SCOPUS_ID:77951226515,SCOPUS_ID:77951226515,10.2105/AJPH.2009.177345,"Perinatal outcomes for Asian, native Hawaiian, and other Pacific Islander mothers of single and multiple race/ethnicity: California and Hawaii, 2003-2005",.1_run2,4d5748db0b6b,deepseek-chat,0.1,"{""policy_claim"": true}",YES
SCOPUS_ID:84871329834,SCOPUS_ID:84871329834,10.1016/j.amepre.2012.10.002,Breast cancer risk prediction and mammography biopsy decisions: A model-based study,.1_run2,4d5748db0b6b,deepseek-chat,0.1,"{""policy_claim"": false}",NO
SCOPUS_ID:85204380600,SCOPUS_ID:85204380600,10.1136/jech-2024-222040,Impact of early childhood infection on child development and school performance: a population-based study,.1_run2,4d5748db0b6b,deepseek-chat,0.1,"{""policy_claim"": false}",NO
SCOPUS_ID:3242669926,SCOPUS_ID:3242669926,10.1093/aje/kwh195,Relative risk of mortality in the physically inactive is underestimated because of real changes in exposure level during follow-up,.1_run2,4d5748db0b6b,deepseek-chat,0.1,"{""policy_claim"": false}",NO
SCOPUS_ID:77952276406,SCOPUS_ID:77952276406,10.2105/AJPH.2009.160002,Herpes zoster and exposure to the varicella zoster virus in an era of varicella vaccination,.1_run2,4d5748db0b6b,deepseek-chat,0.1,"{""policy_claim"": false}",NO
SCOPUS_ID:0026322770,SCOPUS_ID:0026322770,10.2105/AJPH.81.9.1121,Is coronary-care-unit admission restricted for elderly patients? A multicenter study,.1_run2,4d5748db0b6b,deepseek-chat,0.1,"{""policy_claim"": false}",NO
SCOPUS_ID:70749122175,SCOPUS_ID:70749122175,10.1016/j.ypmed.2009.09.017,Oral language comprehension assessment among elderly: A population based study in Brazil,.1_run2,4d5748db0b6b,deepseek-chat,0.1,"{""policy_claim"": false}",NO
SCOPUS_ID:0029020424,SCOPUS_ID:0029020424,10.1097/00001648-199507000-00005,Dose-Response and trend analysis in epidemiology: Alternatives to categorical analysis,.1_run2,4d5748db0b6b,deepseek-chat,0.1,"{""policy_claim"": false}",NO
SCOPUS_ID:84867003072,SCOPUS_ID:84867003072,10.1093/eurpub/ckr104,"Good friends, high income or resilience? What matters most for Elderly patients?",.1_run2,4d5748db0b6b,deepseek-chat,0.1,"{""policy_claim"": false}",NO
SCOPUS_ID:84940038714,SCOPUS_ID:84940038714,10.1097/EDE.0000000000000350,To Treat or to Prevent?: Reducing the Population Burden of Violence-related Post-traumatic Stress Disorder,.1_run2,4d5748db0b6b,deepseek-chat,0.1,"{""policy_claim"": true}",YES
SCOPUS_ID:85025662016,SCOPUS_ID:85025662016,10.1016/j.amepre.2017.05.019,Yoga for Military Veterans with Chronic Low Back Pain: A Randomized Clinical Trial,.1_run2,4d5748db0b6b,deepseek-chat,0.1,"{""policy_claim"": true}",YES
SCOPUS_ID:0027787349,SCOPUS_ID:0027787349,10.1093/ije/22.6.1056,Gender differential in all-cause and cardiovascular disease mortality,.1_run2,4d5748db0b6b,deepseek-chat,0.1,"{""policy_claim"": false}",NO
SCOPUS_ID:0029933963,SCOPUS_ID:0029933963,10.1007/BF00144421,Unusual features in the epidemiology of Lyme borreliosis,.1_run2,4d5748db0b6b,deepseek-chat,0.1,"{""policy_claim"": false}",NO
SCOPUS_ID:85105814926,SCOPUS_ID:85105814926,10.1016/j.ypmed.2021.106617,The value of adding a single co-test in HPV primary screening,.1_run2,4d5748db0b6b,deepseek-chat,0.1,"{""policy_claim"": false}",NO
SCOPUS_ID:84907336726,SCOPUS_ID:84907336726,10.1016/j.ypmed.2014.08.015,"The association of major patterns of physical activity, sedentary behavior and sleep with health-related quality of life: A cohort study",.1_run2,4d5748db0b6b,deepseek-chat,0.1,"{""policy_claim"": true}",YES
SCOPUS_ID:84950266705,SCOPUS_ID:84950266705,10.1093/aje/kwv152,The Impact of Sparse Follow-up on Marginal Structural Models for Time-to-Event Data,.1_run2,4d5748db0b6b,deepseek-chat,0.1,"{""policy_claim"": false}",NO
SCOPUS_ID:63149172821,SCOPUS_ID:63149172821,10.2105/AJPH.2008.146571,Psychosocial care for women survivors of the tsunami disaster in India,.1_run2,4d5748db0b6b,deepseek-chat,0.1,"{""policy_claim"": true}",YES
SCOPUS_ID:0031661866,SCOPUS_ID:0031661866,10.2105/AJPH.88.10.1503,Misclassification rates for current smokers misclassified as nonsmokers,.1_run2,4d5748db0b6b,deepseek-chat,0.1,"{""policy_claim"": false}",NO
SCOPUS_ID:85014802814,SCOPUS_ID:85014802814,10.1093/aje/kww129,Improving estimates of numbers of children with severe acute malnutrition using cohort and survey data,.1_run2,4d5748db0b6b,deepseek-chat,0.1,"{""policy_claim"": false}",NO
SCOPUS_ID:85033381429,SCOPUS_ID:85033381429,10.1016/j.ypmed.2017.10.035,Modifiable predictors of insufficient sleep durations: A longitudinal analysis of youth in the COMPASS study,.1_run2,4d5748db0b6b,deepseek-chat,0.1,"{""policy_claim"": false}",NO
SCOPUS_ID:85153610705,SCOPUS_ID:85153610705,10.1016/j.amepre.2023.03.006,Effectiveness of the National Diabetes Prevention Program After Gestational Diabetes,.1_run2,4d5748db0b6b,deepseek-chat,0.1,"{""policy_claim"": false}",NO
SCOPUS_ID:85203007053,SCOPUS_ID:85203007053,10.1016/j.ypmed.2024.108125,Relationship between participation in projects of incentives to promote walking and healthy aging among the older population: A four-year longitudinal study,.1_run2,4d5748db0b6b,deepseek-chat,0.1,"{""policy_claim"": true}",YES
SCOPUS_ID:85041402164,SCOPUS_ID:85041402164,10.1016/j.ypmed.2018.01.017,Internet little cigar and cigarillo vendors: Surveillance of sales and marketing practices via website content analysis,.1_run2,4d5748db0b6b,deepseek-chat,0.1,"{""policy_claim"": true}",YES
SCOPUS_ID:0028032014,SCOPUS_ID:0028032014,10.1093/oxfordjournals.aje.a116980,Prevalence of low birth weight among hispanic infants with united states-born and foreign-born mothers: The effect of urban poverty,.1_run2,4d5748db0b6b,deepseek-chat,0.1,"{""policy_claim"": false}",NO
SCOPUS_ID:85148892048,SCOPUS_ID:85148892048,10.1016/j.amepre.2023.01.039,Spillover After Mammography Guideline Change: Evidence From State-Level Trends,.1_run2,4d5748db0b6b,deepseek-chat,0.1,"{""policy_claim"": false}",NO
SCOPUS_ID:84868300097,SCOPUS_ID:84868300097,10.1016/j.ypmed.2012.08.021,Relationship between physical activity and general mental health,.1_run2,4d5748db0b6b,deepseek-chat,0.1,"{""policy_claim"": false}",NO
SCOPUS_ID:0027319802,SCOPUS_ID:0027319802,10.1016/s0749-3797(18)30729-3,Cost-effectiveness of two nurse-led programs to teach breast self- examination,.1_run2,4d5748db0b6b,deepseek-chat,0.1,"{""policy_claim"": false}",NO
SCOPUS_ID:8544255516,SCOPUS_ID:8544255516,10.1023/A:1007369203648,"Awareness, treatment and control of hyperlipidaemia, hypertension and diabetes mellitus in a selected population of southern Italy",.1_run2,4d5748db0b6b,deepseek-chat,0.1,"{""policy_claim"": false}",NO
SCOPUS_ID:79953168900,SCOPUS_ID:79953168900,10.1016/j.ypmed.2010.07.006,Evaluation of policies to promote physical activity in afterschool programs: Are we meeting current benchmarks?,.1_run2,4d5748db0b6b,deepseek-chat,0.1,"{""policy_claim"": true}",YES
SCOPUS_ID:0025031812,SCOPUS_ID:0025031812,10.1097/00001648-199001000-00010,No adjustments are needed for multiple comparisons,.1_run2,4d5748db0b6b,deepseek-chat,0.1,"{""policy_claim"": true}",YES
SCOPUS_ID:84945476876,SCOPUS_ID:84945476876,10.1016/j.amepre.2015.04.019,"Measles, Mumps, and Rubella Titers in Air Force Recruits: Below Herd Immunity Thresholds?",.1_run2,4d5748db0b6b,deepseek-chat,0.1,"{""policy_claim"": true}",YES
SCOPUS_ID:84894083669,SCOPUS_ID:84894083669,10.2105/AJPH.2013.301600,Suicidal ideation among community-dwelling adults in the United States,.1_run2,4d5748db0b6b,deepseek-chat,0.1,"{""policy_claim"": true}",YES
SCOPUS_ID:85152168730,SCOPUS_ID:85152168730,10.1136/jech-2022-220009,Gender identity and sexual orientation: A glossary,.1_run2,4d5748db0b6b,deepseek-chat,0.1,"{""policy_claim"": false}",NO
SCOPUS_ID:0033795188,SCOPUS_ID:0033795188,10.2105/AJPH.90.10.1526,Childhood mortality impact and costs of integrating vitamin A supplementation into immunization campaigns,.1_run2,4d5748db0b6b,deepseek-chat,0.1,"{""policy_claim"": false}",NO
SCOPUS_ID:0031706171,SCOPUS_ID:0031706171,10.1136/jech.52.10.645,"Reproductive factors and fatal hip fractures. A Norwegian prospective study of 63,000 women",.1_run2,4d5748db0b6b,deepseek-chat,0.1,"{""policy_claim"": false}",NO
SCOPUS_ID:37249052337,SCOPUS_ID:37249052337,10.1093/eurpub/ckm036,"Alcohol drinking, consumption patterns and breast cancer among Danish nurses: A cohort study",.1_run2,4d5748db0b6b,deepseek-chat,0.1,"{""policy_claim"": false}",NO
SCOPUS_ID:84888263427,SCOPUS_ID:84888263427,10.2105/AJPH.2013.301632,New to care: Demands on a health system when homeless veterans are enrolled in a medical home model,.1_run2,4d5748db0b6b,deepseek-chat,0.1,"{""policy_claim"": true}",YES
SCOPUS_ID:85083882682,SCOPUS_ID:85083882682,10.1093/aje/kwz284,"Hospital Records of Pain, Fatigue, or Circulatory Symptoms in Girls Exposed to Human Papillomavirus Vaccination: Cohort, Self-Controlled Case Series, and Population Time Trend Studies",.1_run2,4d5748db0b6b,deepseek-chat,0.1,"{""policy_claim"": false}",NO
SCOPUS_ID:84959479353,SCOPUS_ID:84959479353,10.1016/j.amepre.2015.07.012,Lifestyle Intervention for People with Severe Obesity and Serious Mental Illness,.1_run2,4d5748db0b6b,deepseek-chat,0.1,"{""policy_claim"": false}",NO
SCOPUS_ID:0030957690,SCOPUS_ID:0030957690,10.1097/00001648-199707000-00010,Risk factors for work-related violent victimization,.1_run2,4d5748db0b6b,deepseek-chat,0.1,"{""policy_claim"": false}",NO
SCOPUS_ID:0030972541,SCOPUS_ID:0030972541,10.1093/oxfordjournals.aje.a009170,Families and natural history of lipids in childhood: An 18-year follow- up study,.1_run2,4d5748db0b6b,deepseek-chat,0.1,"{""policy_claim"": false}",NO
SCOPUS_ID:0033178882,SCOPUS_ID:0033178882,10.1093/oxfordjournals.aje.a009996,"Increased effects of smoking and obesity on asthma among female Canadians: The National Population Health Survey, 1994-1995",.1_run2,4d5748db0b6b,deepseek-chat,0.1,"{""policy_claim"": false}",NO
SCOPUS_ID:77951236082,SCOPUS_ID:77951236082,10.2105/AJPH.2009.176222,Ke Ã€no Ola: Moloka Ì€i's community-based healthy lifestyle modification program,.1_run2,4d5748db0b6b,deepseek-chat,0.1,"{""policy_claim"": false}",NO
SCOPUS_ID:84871996226,SCOPUS_ID:84871996226,10.1016/j.ypmed.2012.10.014,Acceptability of standing workstations in elementary schools: A pilot study,.1_run2,4d5748db0b6b,deepseek-chat,0.1,"{""policy_claim"": false}",NO
SCOPUS_ID:0032532135,SCOPUS_ID:0032532135,10.1093/oxfordjournals.aje.a009695,Ethnic disparities in patient recall of physician recommendations of diagnostic and treatment procedures for coronary disease,.1_run2,4d5748db0b6b,deepseek-chat,0.1,"{""policy_claim"": false}",NO
SCOPUS_ID:0032780231,SCOPUS_ID:0032780231,10.1006/pmed.1998.0407,Targeting smokers with low readiness to change with tailored and nontailored self-help materials,.1_run2,4d5748db0b6b,deepseek-chat,0.1,"{""policy_claim"": false}",NO
SCOPUS_ID:84920926388,SCOPUS_ID:84920926388,10.1016/j.ypmed.2014.12.015,Occurrence and duration of various operational definitions of sedentary bouts and cross-sectional associations with cardiometabolic health indicators: The ENERGY-project,.1_run2,4d5748db0b6b,deepseek-chat,0.1,"{""policy_claim"": false}",NO
SCOPUS_ID:0032838463,SCOPUS_ID:0032838463,10.1016/S0749-3797(99)00060-4,Is cigarette smoking associated with impaired physical and mental functional status? An office-based survey of primary care patients,.1_run2,4d5748db0b6b,deepseek-chat,0.1,"{""policy_claim"": false}",NO
SCOPUS_ID:85049344365,SCOPUS_ID:85049344365,10.1016/S2468-2667(18)30109-9,Effects of restrictions to Income Support on health of lone mothers in the UK: a natural experiment study,.1_run2,4d5748db0b6b,deepseek-chat,0.1,"{""policy_claim"": false}",NO
SCOPUS_ID:85056136590,SCOPUS_ID:85056136590,10.1136/jech-2018-211231,Tuberculosis and diabetes: Bidirectional association in a UK primary care data set,.1_run2,4d5748db0b6b,deepseek-chat,0.1,"{""policy_claim"": true}",YES
SCOPUS_ID:84996538929,SCOPUS_ID:84996538929,10.1016/j.amepre.2016.08.033,Correlates of Helmet Use Among Recreation and Transportation Bicyclists,.1_run2,4d5748db0b6b,deepseek-chat,0.1,"{""policy_claim"": true}",YES
SCOPUS_ID:7944221330,SCOPUS_ID:7944221330,10.1016/j.ypmed.2004.04.019,Television viewing and smoking volume in adolescent smokers: A cross-sectional study,.1_run2,4d5748db0b6b,deepseek-chat,0.1,"{""policy_claim"": false}",NO
SCOPUS_ID:85127852077,SCOPUS_ID:85127852077,10.1097/EDE.0000000000001470,Estimands and Estimation of COVID-19 Vaccine Effectiveness Under the Test-Negative Design: Connections to Causal Inference,.1_run2,4d5748db0b6b,deepseek-chat,0.1,"{""policy_claim"": false}",NO
SCOPUS_ID:0037114889,SCOPUS_ID:0037114889,10.1093/aje/kwf157,"Homocysteine and blood pressure in the Third National Health and Nutrition Examination Survey, 1988-1994",.1_run2,4d5748db0b6b,deepseek-chat,0.1,"{""policy_claim"": false}",NO
SCOPUS_ID:0001433962,SCOPUS_ID:0001433962,10.1093/eurpub/6.3.166,"Socioeconomic inequalities in perinatal and infant mortality from 1854 to 1990 in Amsterdam, the Netherlands",.1_run2,4d5748db0b6b,deepseek-chat,0.1,"{""policy_claim"": false}",NO
SCOPUS_ID:78651299926,SCOPUS_ID:78651299926,10.1136/jech.2009.098269,Social disparities in periodontitis among US adults: The effect of allostatic load,.1_run2,4d5748db0b6b,deepseek-chat,0.1,"{""policy_claim"": false}",NO
SCOPUS_ID:85146336085,SCOPUS_ID:85146336085,10.1016/j.amepre.2022.12.010,Air Quality Index and Childhood Asthma: A Pilot Randomized Clinical Trial Intervention,.1_run2,4d5748db0b6b,deepseek-chat,0.1,"{""policy_claim"": false}",NO
SCOPUS_ID:0030009244,SCOPUS_ID:0030009244,10.1093/ije/25.2.394,Characteristics of non-insulin-dependent diabetes mellitus in elderly men: Effect modification by family history,.1_run2,4d5748db0b6b,deepseek-chat,0.1,"{""policy_claim"": false}",NO
SCOPUS_ID:0036721712,SCOPUS_ID:0036721712,10.2105/AJPH.92.9.1523,The social-environmental context of violent behavior in persons treated for severe mental illness,.1_run2,4d5748db0b6b,deepseek-chat,0.1,"{""policy_claim"": false}",NO
SCOPUS_ID:84884140205,SCOPUS_ID:84884140205,10.2105/AJPH.2013.301487,An empirical evaluation of the US beer institute's self-regulation code governing the content of beer advertising,.1_run2,4d5748db0b6b,deepseek-chat,0.1,"{""policy_claim"": true}",YES
SCOPUS_ID:85122909289,SCOPUS_ID:85122909289,10.2105/AJPH.2021.306565,Adherence to Social-Distancing and Personal Hygiene Behavior Guidelines and Risk of COVID-19 Diagnosis: Evidence From the Understanding America Study,.1_run2,4d5748db0b6b,deepseek-chat,0.1,"{""policy_claim"": false}",NO
SCOPUS_ID:0035863903,SCOPUS_ID:0035863903,10.1093/aje/153.2.145,Effect of body mass on the association between estrogen replacement therapy and mortality among elderly US women,.1_run2,4d5748db0b6b,deepseek-chat,0.1,"{""policy_claim"": false}",NO
SCOPUS_ID:85034761002,SCOPUS_ID:85034761002,10.1093/aje/kwx170,Sex Differences in the Association between Pain and Injurious Falls in Older Adults: A Population-Based Longitudinal Study,.1_run2,4d5748db0b6b,deepseek-chat,0.1,"{""policy_claim"": false}",NO
SCOPUS_ID:85060567577,SCOPUS_ID:85060567577,10.1093/eurpub/cky107,Predictive risk model for the diagnosis of diabetes mellitus type 2 in a follow-up study 15 years on: PRODI2 Study,.1_run2,4d5748db0b6b,deepseek-chat,0.1,"{""policy_claim"": false}",NO
SCOPUS_ID:26444557985,SCOPUS_ID:26444557985,10.1093/aje/kwi249,"Evaluation of offspring and maternal genetic effects on disease risk using a family-based approach: The ""pent"" design",.1_run2,4d5748db0b6b,deepseek-chat,0.1,"{""policy_claim"": false}",NO
SCOPUS_ID:84928910829,SCOPUS_ID:84928910829,10.1093/aje/kwu331,Overweight and obesity in midlife and brain structure and dementia 26 years later,.1_run2,4d5748db0b6b,deepseek-chat,0.1,"{""policy_claim"": false}",NO
SCOPUS_ID:0035863840,SCOPUS_ID:0035863840,10.1093/aje/153.2.153,"Factors associated with earthquake deaths in the great Hanshin-Awaji earthquake, 1995",.1_run2,4d5748db0b6b,deepseek-chat,0.1,"{""policy_claim"": false}",NO
SCOPUS_ID:84879015315,SCOPUS_ID:84879015315,10.2105/AJPH.2012.300783,Associations between psychiatric inpatient bed supply and the prevalence of serious mental illness in veterans affairs nursing homes,.1_run2,4d5748db0b6b,deepseek-chat,0.1,"{""policy_claim"": true}",YES
SCOPUS_ID:85163105729,SCOPUS_ID:85163105729,10.1016/j.ypmed.2023.107569,"The need for a personalized, core digital resource to facilitate health self-management",.1_run2,4d5748db0b6b,deepseek-chat,0.1,"{""policy_claim"": false}",NO
SCOPUS_ID:84939488498,SCOPUS_ID:84939488498,10.1093/eurpub/cku178,"Vaccination coverage for measles, mumps and rubella in anthroposophical schools in Gelderland, the Netherlands",.1_run2,4d5748db0b6b,deepseek-chat,0.1,"{""policy_claim"": true}",YES
SCOPUS_ID:77956579128,SCOPUS_ID:77956579128,10.1016/j.amepre.2010.05.023,"Weight concerns, mood, and postpartum smoking relapse",.1_run2,4d5748db0b6b,deepseek-chat,0.1,"{""policy_claim"": true}",YES
SCOPUS_ID:85102907333,SCOPUS_ID:85102907333,10.2105/AJPH.2020.306097,Establishing a SARS-CoV-2 (COVID-19) Drive-Through Collection Site: A Community-Based Participatory Research Partnership With a Federally Qualified Health Center,.1_run2,4d5748db0b6b,deepseek-chat,0.1,"{""policy_claim"": false}",NO
SCOPUS_ID:85006078355,SCOPUS_ID:85006078355,10.2105/AJPH.2016.303450,"A public-private partnership to mitigate food insecurity and food waste in Orange County, California",.1_run2,4d5748db0b6b,deepseek-chat,0.1,"{""policy_claim"": false}",NO
SCOPUS_ID:85044271034,SCOPUS_ID:85044271034,10.1097/EDE.0000000000000753,The Relationship between 2009 Pandemic H1N1 Influenza during Pregnancy and Preterm Birth: A Population-based Cohort Study,.1_run2,4d5748db0b6b,deepseek-chat,0.1,"{""policy_claim"": false}",NO
SCOPUS_ID:85067089244,SCOPUS_ID:85067089244,10.1093/aje/kwz056,Optimism and Healthy Aging in Women and Men,.1_run2,4d5748db0b6b,deepseek-chat,0.1,"{""policy_claim"": false}",NO
SCOPUS_ID:0030991841,SCOPUS_ID:0030991841,10.1093/eurpub/7.2.153,Cost-effectiveness of vaccination against pneumococcal pneumonia in The Netherlands,.1_run2,4d5748db0b6b,deepseek-chat,0.1,"{""policy_claim"": false}",NO
SCOPUS_ID:85040537803,SCOPUS_ID:85040537803,10.2105/AJPH.2017.304179,Various Types of Arthritis in the United States: Prevalence and Age-Related Trends From 1999 to 2014,.1_run2,4d5748db0b6b,deepseek-chat,0.1,"{""policy_claim"": false}",NO
SCOPUS_ID:84939523052,SCOPUS_ID:84939523052,10.1093/eurpub/cku191,Cybervictimization and somatic and psychological symptoms among Italian middle school students,.1_run2,4d5748db0b6b,deepseek-chat,0.1,"{""policy_claim"": true}",YES
SCOPUS_ID:18444365008,SCOPUS_ID:18444365008,10.1093/ije/dyh377,Pre-hospital coronary care and coronary fatality in the Belfast and Glasgow MONICA populations,.1_run2,4d5748db0b6b,deepseek-chat,0.1,"{""policy_claim"": false}",NO
SCOPUS_ID:10744220752,SCOPUS_ID:10744220752,10.1016/j.ypmed.2003.08.009,Changes in the nutrient content of school lunches: Results from the Pathways study,.1_run2,4d5748db0b6b,deepseek-chat,0.1,"{""policy_claim"": false}",NO
SCOPUS_ID:7244239176,SCOPUS_ID:7244239176,10.1136/jech.2003.015370,History of addictions.,.1_run2,4d5748db0b6b,deepseek-chat,0.1,"{""policy_claim"": false}",NO
SCOPUS_ID:85163144598,SCOPUS_ID:85163144598,10.1016/j.ypmed.2023.107582,Action recognition for sports combined training based on wearable sensor technology and SVM prediction,.1_run2,4d5748db0b6b,deepseek-chat,0.1,"{""policy_claim"": false}",NO
SCOPUS_ID:85131904117,SCOPUS_ID:85131904117,10.1093/ije/dyac049,Decline in attention-deficit hyperactivity disorder traits over the life course in the general population: Trajectories across five population birth cohorts spanning ages 3 to 45 years,.1_run2,4d5748db0b6b,deepseek-chat,0.1,"{""policy_claim"": false}",NO
SCOPUS_ID:85053424873,SCOPUS_ID:85053424873,10.1016/S2468-2667(18)30097-5,"The effect of public health-oriented drug law reform on HIV incidence in people who inject drugs in Tijuana, Mexico: an epidemic modelling study",.1_run2,4d5748db0b6b,deepseek-chat,0.1,"{""policy_claim"": true}",YES
SCOPUS_ID:0031925067,SCOPUS_ID:0031925067,10.1093/ije/27.2.222,Morbidity differences by occupational class among men in seven European countries: An application of the Erikson-Goldthorpe social class scheme,.1_run2,4d5748db0b6b,deepseek-chat,0.1,"{""policy_claim"": false}",NO
SCOPUS_ID:0036392038,SCOPUS_ID:0036392038,10.1006/pmed.2002.1064,Clustering of lifestyle risk factors in a general adult population,.1_run2,4d5748db0b6b,deepseek-chat,0.1,"{""policy_claim"": true}",YES
SCOPUS_ID:0033230487,SCOPUS_ID:0033230487,10.1016/S0749-3797(99)00087-2,Policy tools for building health education and preventive counseling into managed care,.1_run2,4d5748db0b6b,deepseek-chat,0.1,"{""policy_claim"": false}",NO
SCOPUS_ID:0027287546,SCOPUS_ID:0027287546,10.1093/oxfordjournals.aje.a116744,Breast cancer risk associated with abnormal cytology in nipple aspirates of breast fluid and prior history of breast biopsy,.1_run2,4d5748db0b6b,deepseek-chat,0.1,"{""policy_claim"": false}",NO
SCOPUS_ID:0028139166,SCOPUS_ID:0028139166,10.1006/pmed.1994.1134,Correlates of healthy eating habits in low-income Black women and Latinas,.1_run2,4d5748db0b6b,deepseek-chat,0.1,"{""policy_claim"": false}",NO
SCOPUS_ID:84987962219,SCOPUS_ID:84987962219,10.2105/AJPH.2016.303362,Impact of the Berkeley excise tax on sugar-sweetened beverage consumption,.1_run2,4d5748db0b6b,deepseek-chat,0.1,"{""policy_claim"": false}",NO
SCOPUS_ID:71449114462,SCOPUS_ID:71449114462,10.1093/eurpub/ckp065,Prevalence of family violence in adults and children: Estimates using the capture-recapture method,.1_run2,4d5748db0b6b,deepseek-chat,0.1,"{""policy_claim"": false}",NO
SCOPUS_ID:85006166037,SCOPUS_ID:85006166037,10.1016/j.amepre.2016.09.018,Factors Perceived as Influencing Local Health Department Involvement in Mental Health,.1_run2,4d5748db0b6b,deepseek-chat,0.1,"{""policy_claim"": true}",YES
SCOPUS_ID:85121236733,SCOPUS_ID:85121236733,10.1093/eurpub/ckab152,Health workforce protection and preparedness during the covid-19 pandemic: A tool for the rapid assessment of EU health systems,.1_run2,4d5748db0b6b,deepseek-chat,0.1,"{""policy_claim"": true}",YES
SCOPUS_ID:17844400812,SCOPUS_ID:17844400812,10.1016/j.ypmed.2004.09.018,Pap smear use in California: Are we closing the racial/ethnic gap?,.1_run2,4d5748db0b6b,deepseek-chat,0.1,"{""policy_claim"": false}",NO
SCOPUS_ID:85051131275,SCOPUS_ID:85051131275,10.1016/j.ypmed.2018.08.001,Associations of volumes and patterns of physical activity with metabolic health in children: A multivariate pattern analysis approach,.1_run2,4d5748db0b6b,deepseek-chat,0.1,"{""policy_claim"": false}",NO
SCOPUS_ID:85131903072,SCOPUS_ID:85131903072,10.1093/ije/dyab204,Pre-eclampsia and risk of early-childhood asthma: A register study with sibling comparison and an exploration of intermediate variables,.1_run2,4d5748db0b6b,deepseek-chat,0.1,"{""policy_claim"": false}",NO
SCOPUS_ID:0033568791,SCOPUS_ID:0033568791,10.1093/oxfordjournals.aje.a010053,Breast cancer and oral contraceptive use in Asian-American women,.1_run2,4d5748db0b6b,deepseek-chat,0.1,"{""policy_claim"": false}",NO
SCOPUS_ID:0029004262,SCOPUS_ID:0029004262,10.1093/ije/24.supplement_1.s113,The Multifund and outcome research,.1_run2,4d5748db0b6b,deepseek-chat,0.1,"{""policy_claim"": true}",YES
